LOC#,Site,Name,PilotIdentifierList,OperatorExtension,BusinessHoursWelcomeGreetingFilename,BusinessHoursMainMenuCustomPromptFilename,BusinessHoursKeyMapping,BusinessHoursKeyMappingEnabled,AfterHoursWelcomeGreetingFilename,AfterHoursMainMenuCustomPromptFilename,AfterHoursKeyMapping,AfterHoursKeyMappingEnabled
747, Gompers Mdl ,747-umaa-02-main_spanish,0.0,807473020.0,silence.wav,747-UMAA-05-Main-OL-Spanish-2020.wav,"2,La Asistencia,807472044,,,,,,,; 9,Nurse,807473050,,,,,,,",,silence.wav,silence.wav,"-,Closed Auto Attendant,,747-UMAA-04-Main_Spanish_Night,,,,,,",True
157, Johnson El,157-umaa-04-main_spanish_night,0.0,801573021.0,silence.wav,157-UMAA-02-Spanish_Main_16bit_mono.wav,"2,Attendance,801573021,,,,,,,; 3,Nurse,801573051,,,,,,,; 4,Counseling,801573071,,,,,,,; 5,StatePreschool,801572202,,,,,,,; 6,Primetime,801572011,,,,,,,; 7,Principal-secretary,801573020,,,,,,,",True,silence.wav,0,0,False
322, Clark Mdl,322-umaa-04-main_spanish_night,0.0,803226010.0,silence.wav,322-UMAA-02-Spanish_Main_16bit_mono.wav,"2,Attendance,803223028,,,,,,,; 3,Counseling,803222200,,,,,,,; 4,Nurse,803223050,,,,,,,; 5,Library,803223070,,,,,,,; 6,Parent Center,803222205,,,,,,,; 7,School Records,803222200,,,,,,,; 8,Administration,803223023,,,,,,,; 9,Prime Time,803222504,,,,,,,",True,silence.wav,0,0,False
065, Clay El,065-umaa-02-main_spanish,0.0,800653020.0,silence.wav,065-UMAA-02-Spanish_Main_16bit_mono.wav,"2,Attendance,800653020,,,,,,,; 3,Nurse,800653051,,,,,,,; 4,Counselor,800653023,,,,,,,; 5,Cafeteria,800653060,,,,,,,",,silence.wav,silence.wav,"-,Closed Auto Attendant,,065-UMAA-04-Main_Spanish_Night,,,,,,",True
091, Emerson El,091-umaa-04-main_spanish_night,0.0,800913023.0,silence.wav,091-UMAA-02-Spanish_Main_16bit_mono.wav,"2,Cafeteria,800913060,,,,,,,",True,silence.wav,silence.wav,0,False
107, Florence El,107-umaa-04-main_spanish_night,0.0,801073020.0,silence.wav,107-UMAA-02-Spanish_Main_16bit_mono.wav,"2,Primetime,801073060,,,,,,,; 3,Building Services,801073065,,,,,,,; -,Gen VM,801076010,,,,,,,",True,silence.wav,silence.wav,0,False
055, Carson El,055-umaa-04-main_spanish_night,0.0,800553021.0,silence_short.wav,055-UMAA-02-Spanish_Main_no_cdc.wav,"1,Spanish,,055-UMAA-02-Main_Spanish,,,,,,; 2,Attendance,800553020,,,,,,,; 3,The State Pre-School,800553035,,,,,,,; -,The Operator,800553020,,,,,,,",True,silence_short.wav,silence.wav,0,False
057, Carver El,057-umaa-04-main_spanish_night,0.0,800573012.0,silence.wav,057-UMAA-02-Spanish_Main_16bit_mono.wav,"3,Attendance,800573012,,,,,,,; 4,Primetime,800573061,,,,,,,; -,Gen VM,800576010,,,,,,,",True,silence.wav,silence.wav,0,False
177, Logan El,177-umaa-04-main_spanish_night,0.0,801776017.0,silence.wav,177-UMAA-01-Spanish_Main_16bit_mono.wav,"2,Attendance,801773023,,,,,,,; 3,Nurse,801773050,,,,,,,; 4,Counselor,801773002,,,,,,,; 5,CDC,801773029,,,,,,,; 6,Cafeteria,801773060,,,,,,,; 7,Prime Time,801773061,,,,,,,",True,silence.wav,silence.wav,0,False
057, Carver El,057-umaa-02-main_spanish,0.0,800573012.0,silence.wav,057-UMAA-02-Spanish_Main_16bit_mono.wav,"3,Attendance,800573012,,,,,,,; 4,Primetime,800573061,,,,,,,; -,Gen VM,800576010,,,,,,,",,silence.wav,silence.wav,"-,Closed Auto Attendant,,057-UMAA-04-Main_Spanish_Night,,,,,,",True
329, Wilson Mdl,329-umaa-02-main_spanish,0.0,803293023.0,silence.wav,329-UMAA-02-Spanish_Main_16bit_mono.wav,"2,Attendance,803293023,,,,,,,; 3,Student Records,803293022,,,,,,,; 4,Nurse,803293051,,,,,,,; 5,Parent Coordinator,803293023,,,,,,,",,silence.wav,silence.wav,"-,Closed Auto Attendant,,329-UMAA-04-Main_Spanish_Night,,,,,,",True
173, Linda Vista El,173-umaa-02-main_spanish,0.0,801733028.0,silence.wav,173-UMAA-02-Spanish_Main_16bit_mono.wav,"2,Attendance,801733028,,,,,,,; 3,Enrollment,801733027,,,,,,,; 4,Nurse,801733050,,,,,,,; 5,Administration,801733026,,,,,,,; 6,Counselor,801733021,,,,,,,; 7,Pre-K Room 7,801732307,,,,,,,; 8,Pre-K Room 8,801732308,,,,,,,; 9,All Other Calls,801733028,,,,,,,; -,General VM,801736010,,,,,,,",,silence.wav,silence.wav,"-,Closed Auto Attendant,,173-UMAA-04-Main_Spanish_Night,,,,,,",True
089, Edison El,089-umaa-04-main_spanish_night,0.0,800893022.0,silence.wav,089-UMAA-02-Spanish_Main_16bit_mono.wav,"2,Attendance,800893020,,,,,,,; 3,Nurse,800893050,,,,,,,; 4,Counselor,800892114,,,,,,,; 5,MsMontez,800892503,,,,,,,; 6,MsMendez,800892504,,,,,,,; 7,Cafeteria,800893061,,,,,,,; 8,Primetime,800893060,,,,,,,",True,silence.wav,silence.wav,0,False
055, Carson El,055-umaa-02-main_spanish,0.0,800553021.0,silence2.wav,055-UMAA-01-Main-Spanish-2021.wav,"2,Attendance,800553021,,,,,,,; 3,Secretary,800553011,,,,,,,; 4,Health Office,800553060,,,,,,,; 5,Custodial,800553065,,,,,,,; 6,Cafeteria,800553060,,,,,,,; 9,School Information,,,055-UMAA-09-School-Info-Spanish-2021.wav,,,,,; -,The Operator,800553021,,,,,,,",,silence2.wav,silence_short.wav,"-,Closed Auto Attendant,,055-UMAA-04-Main_Spanish_Night,,,,,,",True
329, Wilson Mdl,329-umaa-01-main_spanish_night_4digit,0.0,6001.0,silence.wav,329-UMAA-02-Spanish_Main_16bit_mono_3.wav,"2,Attendance,3023,,,,,,,; 3,Student Records,3022,,,,,,,; 4,Nurse,3051,,,,,,,; 5,Admin Assistant,3011,,,,,,,; 6,Financial Clerk,3020,,,,,,,",True,silence.wav,0,0,False
247, Ross El,247-umaa-01-main_english,802473000.0,802476001.0,silence2.wav,247-UMAA-01-Main-English-2021.wav,"2,Attendance,802473012,,,,,,,; 3,Secretary,802476001,,,,,,,; 4,Health Office,802473050,,,,,,,; 5,Cafeteria,802473060,,,,,,,",,silence2.wav,ross elem 2020 main.wav,"-,Closed Auto Attendant,,247-UMAA-03-Main_English_Night,,,,,,; 1,attendance,802473012,,,,,,,; 2,main office message,802473012,,,,,,,",True
173, Linda Vista El,173-umaa-04-main_spanish_night,0.0,801733028.0,silence.wav,173-UMAA-02-Spanish_Main_16bit_mono.wav,"2,Attendance,801733028,,,,,,,; 3,Enrollment,801733027,,,,,,,; 4,Nurse,801733050,,,,,,,; 5,Administration,801733026,,,,,,,; 6,Counselor,801733021,,,,,,,; 7,Pre-K Room 7,801732307,,,,,,,; 8,Pre-K Room 8,801732308,,,,,,,; 9,Other Calls,801733028,,,,,,,; -,General VM,801736010,,,,,,,",True,silence.wav,0,0,False
009, Audubon El,009-umaa-02-main_spanish,0.0,800093020.0,silence2.wav,Audubon Spanish 2023.wav,"2,Enrollment,800093021,,,,,,,; 3,Attendance,800093020,,,,,,,; 4,Nurse,800093071,,,,,,,; 5,Counselor,800092016,,,,,,,; -,Front Office,800093020,,,,,,,",,silence.wav,silence.wav,"-,Closed Auto Attendant,,009-UMAA-04-Main_Spanish_Night,,,,,,",True
023, Barnard El,023-umaa-04-main_spanish_night,0.0,800236010.0,silence.wav,023-UMAA-02-Spanish_Main_16bit_mono.wav,"2,Attendance,800233011,,,,,,,; 3,Nurse,800233050,,,,,,,",True,silence.wav,0,0,False
316, Montgomery Jr,316-umaa-06-pe_spanish,0.0,803163501.0,316-Montgomery-Hold-Spanish.wav,316-Montgomery-PE-Spanish.wav,"4,Transfer to 2401,803162401,,,,,,,; 5,Transfer to 2405,803162405,,,,,,,",True,316-Montgomery-Hold-Spanish.wav,316-Montgomery-PE-Spanish.wav,0,False
316, Montgomery Jr,316-umaa-02-main_spanish,0.0,803163501.0,316-Montgomery-Hold-Spanish.wav,316-Montgomery-Main Menu-Spanish.wav,"2,Transfer to 3013,803163013,,,,,,,; 3,Transfer to 3070,803163070,,,,,,,; 4,Admin Menu,,316-UMAA-05-Admin_Spanish,,,,,,; 5,PE Menu,,316-UMAA-06-PE_Spanish,,,,,,; 6,Transfer to 2205,803162205,,,,,,,; 7,Transfer to 3014,803163014,,,,,,,; 8,Transfer to 3051,803163051,,,,,,,; 9,Transfer to 3040,803163040,,,,,,,",True,316-Montgomery-Hold-Spanish.wav,316-Montgomery-Main Menu-Spanish.wav,0,False
059, Central El,059-umaa-02-main_spanish,0.0,801333012.0,silence.wav,059-UMAA-02-Spanish_Main_16bit_mono.wav,"2,Attendance,801333012,,,,,,,; 4,Nurse,801333050,,,,,,,; 5,Preschool,801337000,,,,,,,",,silence.wav,silence.wav,"-,Closed Auto Attendant,,059-UMAA-04-Main_Spanish_Night,,,,,,",True
033, Boone El,033-umaa-02-main_spanish,0.0,800336010.0,silence.wav,033_UMAA_Boone Spanish.wav,"1,Spanish,,033-UMAA-02-Main_Spanish,,,,,,; 2,Absense,800333002,,,,,,,; 3,Attendance,800333023,,,,,,,; 4,Enrollment,800333024,,,,,,,; 5,School Assistant,800333026,,,,,,,; 6,Health Office,800333050,,,,,,,; 7,Custodian,800333065,,,,,,,; 8,Cafeteria,800333060,,,,,,,; -,Operator,800336010,,,,,,,",,silence.wav,silence.wav,"-,Closed Auto Attendant,,033-UMAA-04-Main_Spanish_Night,,,,,,",True
229, Paradise Hills El,229-umaa-02-main_spanish,0.0,802293021.0,silence.wav,229-UMAA-01-Spanish-Main_16bit_mono.wav,"2,Attendance,802293011,,,,,,,; 3,Health,802293050,,,,,,,; 4,PreSchool,802292602,,,,,,,; 5,Prime Time,802292716,,,,,,,",,silence.wav,silence.wav,"-,Closed Auto Attendant,,229-UMAA-04-Main_Spanish_Night,,,,,,",True
091, Emerson El,091-umaa-02-main_spanish,0.0,800916001.0,silence.wav,091-EmersonElementary-Main-Spanish-2022.wav,"2,Administration,800913002,,,,,,,; -,Front Office,6001,,,,,,,",,silence.wav,silence.wav,"-,Closed Auto Attendant,,091-UMAA-04-Main_Spanish_Night,,,,,,",True
367, Farb Mdl,367-umaa-02-main_spanish,0.0,803673501.0,Farb Spanish.wav,Farb Spanish.wav,"2,Attendance,803673012,,,,,,,; 3,Registrar/Enrollment,803673013,,,,,,,; 4,Nurse,803673050,,,,,,,; 5,Counseling,803672005,,,,,,,; 6,Cafeteria,803672014,,,,,,,; 7,Financial Office,803673062,,,,,,,; 8,Site Tech,803672001,,,,,,,; 9,Principal and Vice Prin,803673014,,,,,,,",True,Farb Spanish.wav,0,0,False
338, Hoover HS,338-umaa-02-main_spanish,0.0,803383000.0,silence.wav,338-UMAA-02.1-Main_Spanish.wav,"1,General Msg,803386015,,,,,,,; 2,English,,338-UMAA-01-Main_English,,,,,,; 3,Attendance Spanish,,338-UMAA-06-Attendance_Spanish,,,,,,",,silence.wav,silence.wav,"-,Spanish Night,,338-UMAA-04-Main_Spanish_Night,,,,,,",True
747, Gompers Mdl ,747-umaa-04-main_spanish_night,0.0,807473020.0,silence.wav,747-UMAA-01-Main_Spanish_Nights.wav,"2,La Asistencia,807473023,,,,,,,; 9,Nurse,807473050,,,,,,,",True,silence.wav,silence.wav,0,False
009, Audubon El,009-umaa-04-main_spanish_night,0.0,800096010.0,silence.wav,009-UMAA-02-Spanish_Main_16bit_mono.wav,"2,Attendance,800093021,,,,,,,; 3,Registration,800093020,,,,,,,; 4,Counselor,800093059,,,,,,,; 5,Secretary,800093023,,,,,,,; -,Front Office,800096010,,,,,,,",True,silence.wav,0,0,False
267, King El,267-umaa-02-main_spanish,0.0,802673023.0,silence.wav,267-UMAA-05-Main_Spanish.wav,"2,Attendance,802673022,,,,,,,; 3,Nurse,802673050,,,,,,,; 4,Counselor,802673055,,,,,,,; 5,Pre School,802673021,,,,,,,; 6,Kitchen,802673060,,,,,,,; 7,Prime Time,802672504,,,,,,,",,silence.wav,silence.wav,"-,Closed Auto Attendant,,267-UMAA-04-Main_Spanish_Night,,,,,,",True
103, Field El,103-umaa-04-main_spanish_night,0.0,801033011.0,silence.wav,103-UMAA-02-Spanish_Main_16bit_mono.wav,"2,Attendance,801033013,,,,,,,; 3,Nurse,801033050,,,,,,,; 4,Prime Time,801033024,,,,,,,; -,Front Office,801036010,,,,,,,",True,silence.wav,silence.wav,0,False
322, Clark Mdl,322-umaa-02-main_spanish,0.0,803226010.0,silence.wav,322-UMAA-02-Spanish_Main_16bit_mono.wav,"2,Attendance,803223028,,,,,,,; 3,Counseling,803222200,,,,,,,; 4,Nurse,803223050,,,,,,,; 5,Library,803223070,,,,,,,; 6,Parent Center,803222205,,,,,,,; 7,School Records,803222200,,,,,,,; 8,Administration,803223023,,,,,,,; 9,Prime Time,803222504,,,,,,,",,silence.wav,silence.wav,"-,Closed Auto Attendant,,322-UMAA-04-Main_Spanish_Night,,,,,,",True
289, Webster El,289-umaa-04-main_spanish_night,0.0,802893020.0,silence.wav,289-UMAA-02-Spanish_Main_16bit_mono.wav,"2,Attendance,802893020,,,,,,,; 3,Preschool,802892025,,,,,,,",True,silence.wav,0,0,False
033, Boone El,033-umaa-04-main_spanish_night,0.0,800336010.0,silence.wav,033_UMAA_Boone Spanish.wav,"1,Spanish,,033-UMAA-04-Main_Spanish_Night,,,,,,; 2,Absense,800333002,,,,,,,; 3,Attendance,800333023,,,,,,,; 4,Enrollment,800333024,,,,,,,; 5,School Assistant,800333026,,,,,,,; 6,Health Office,800333050,,,,,,,; 7,Custodian,800333065,,,,,,,; 8,Cafeteria,800333060,,,,,,,; -,Operator,800336010,,,,,,,",True,silence.wav,silence.wav,0,False
013, Balboa El,013-umaa-04-main_spanish_night,0.0,800133010.0,silence.wav,013-UMAA-02-Spanish_Main_16bit_mono.wav,"2,Attendance,800133030,,,,,,,; 3,Preschool,800133802,,,,,,,; 4,Counselor,800133055,,,,,,,",True,silence.wav,silence.wav,0,False
013, Balboa El,013-umaa-02-main_spanish,0.0,800133010.0,silence.wav,013-UMAA-01-Main-Spanish-2022.wav,"2,Attendance,800133030,,,,,,,; 3,Nurse,800133051,,,,,,,; 4,Counselor,800133055,,,,,,,",,silence.wav,silence.wav,"-,Closed Auto Attendant,,013-UMAA-04-Main_Spanish_Night,,,,,,",True
060, Chavez El,060-umaa-02-main_spanish,0.0,800603020.0,silence.wav,060-UMAA-02-_Spanish_16bit_mono_noCDC.wav,"2,Attendance,800603020,,,,,,,; 3,Nurse,800603050,,,,,,,; 4,Counselor,800603055,,,,,,,; 5,State PreSchool,800602201,,,,,,,; 6,School Assistant,800603022,,,,,,,; 7,Prime Time,800603075,,,,,,,; 8,CDC,800602201,,,,,,,; 9,Kitchen,800603060,,,,,,,",,silence.wav,silence.wav,"-,Closed Auto Attendant,,060-UMAA-04-Main_Spanish_Night,,,,,,",True
059, Central El,059-umaa-04-main_spanish_night,0.0,801333012.0,silence.wav,059-UMAA-02-Spanish_Main_16bit_mono.wav,"3,Attendance,801333012,,,,,,,; 4,Nurse,801333050,,,,,,,; 5,Preschool,801337000,,,,,,,",True,silence.wav,0,0,False
195, Marshall El,195-umaa-02-main_spanish,0.0,801956002.0,silence.wav,195-UMAA-01-Main-Spanish-2021.wav,"2,Absence,,,,,013b4771-b3db-42ed-881d-c5ea1260a98d,,,; 3,Attendance,801953020,,,,,,,; 4,Nurse,801953050,,,,,,,; 5,Counseling,801952093,,,,,,,; 6,Administration,801953021,,,,,,,; -,General VM,801956002,,,,,,,",,silence.wav,silence.wav,"-,Closed Auto Attendant,,195-UMAA-04-Main_Spanish_Night,,,,,,",True
011, Baker El,011-umaa-02-main_spanish,0.0,800116010.0,silence.wav,011-UMAA-02-Spanish_Main_16bit_mono.wav,"2,Attendance,800113021,,,,,,,; 3,Pre School,800112503,,,,,,,; 4,Enrollment,800113022,,,,,,,; 5,Counselor,800113027,,,,,,,; 6,Secretary,800113023,,,,,,,; 7,Front Office,800116010,,,,,,,",,silence.wav,silence.wav,"-,Closed Auto Attendant,,011-UMAA-04-Main_Spanish_night,,,,,,",True
107, Florence El,107-umaa-02-main_spanish,0.0,801073021.0,silence.wav,107-UMAA-01-Main-Spanish-2022.wav,"2,Attendance,801073020,,,,,,,; 3,Administration,801073021,,,,,,,; 4,Nurse,801073051,,,,,,,; 5,Primeteime,801077000,,,,,,,; 6,BSS,801073065,,,,,,,",,silence.wav,silence.wav,"-,ClosedAutoAttendant,,107-UMAA-04-Main_Spanish_Night,,,,,,",True
177, Logan El,177-umaa-02-main_spanish,0.0,0.0,silence.wav,177-UMAA-02-LMEC-Main-Spanish-2023.wav,"1,Front Desk,801774025,,,,,,,; 2,Attendance,801774024,,,,,,,; 3,Enrollment,801774025,,,,,,,; 4,Health Office,801774150,,,,,,,",,silence.wav,silence.wav,"-,Closed Auto Attendant,,177-UMAA-04-Main_Spanish_Night,,,,,,",True
316, Montgomery Jr,316-umaa-04-pe_english,0.0,803163501.0,316-Montgomery-Hold-English.wav,316-Montgomery-PE-English.wav,"4,Transfer to 2401,803162401,,,,,,,; 5,Transfer to 2405,803162405,,,,,,,",True,316-Montgomery-Hold-English.wav,316-Montgomery-PE-English.wav,0,False
165, Knox El,165-umaa-04-main_spanish_night,0.0,801653027.0,silence.wav,165-UMAA-02-Spanish_Main_16bit_mono-2.wav,"2,Attendance,801653022,,,,,,,; 3,Enrollment,801653022,,,,,,,; 4,Nurse Desk,801653051,,,,,,,; 5,Prime Time,801652405,,,,,,,; 6,Operator,801653027,,,,,,,",True,silence.wav,silence.wav,"-,Closed Auto Attendant,,165-UMAA-04-Main_Spanish_Night,,,,,,",False
185, Perkins El,185-umaa-02-main_spanish,0.0,801856010.0,silence.wav,185-UMAA-02-Spanish_Main_16bit_mono.wav,"2,Attendance,801853020,,,,,,,; -,Operator,801856010,,,,,,,",,silence.wav,silence.wav,"-,Closed Auto Attendant,,185-UMAA-04-Main_Spanish_Night,,,,,,",True
229, Paradise Hills El,229-umaa-04-main_spanish_night,0.0,802293011.0,silence.wav,229-UMAA-01-Spanish-Main_16bit_mono.wav,"2,Attendance,802293011,,,,,,,; 3,Health,802293050,,,,,,,; 4,Pre School,802292602,,,,,,,; 5,Prime Time,802292716,,,,,,,",True,silence.wav,silence.wav,0,False
267, King El,267-umaa-04-main_spanish_night,0.0,802673023.0,silence.wav,KingChavez_Mainspanish.wav,"2,Attendance,802673022,,,,,,,; 3,Nurse,802673050,,,,,,,; 4,Counselor,802673055,,,,,,,; 5,Pre School,802673021,,,,,,,; 6,Kitchen,802673060,,,,,,,; 7,Prime Time,802672504,,,,,,,",True,silence.wav,silence.wav,0,False
103, Field El,103-umaa-02-main_spanish,0.0,801033011.0,silence.wav,103-UMAA-02-Spanish_Main_16bit_mono.wav,"2,Attendance,801033013,,,,,,,; 3,Nurse,801033050,,,,,,,; 4,Prime Time,801033024,,,,,,,; -,Front Office,801036011,,,,,,,",True,silence.wav,silence.wav,0,False
307,,307-umaa-01-main_english,803073000.0,3023.0,silence.wav,307CPMA Main English 2024.wav,"1,Front desk,803073023,,,,,,,; 2,Attendance,803073021,,,,,,,; 3,Admin Team,803073011,,,,,,,; 4,6th Grade Counselor,803073052,,,,,,,; 5,7th Grade Counselor,803073024,,,,,,,; 6,8th Grade Counselor,803073055,,,,,,,; 7,Operator,803076003,,,,,,,",,silence.wav,silence.wav,"-,Closed Auto Attendant,,307-UMAA-03-Main_English_Night,,,,,,",True
074,,074-umaa-04-main_spanish_night,0.0,800746010.0,silence.wav,074-UMAA-01-Spanish_Main_16bit_mono.wav,"3,Attendance,800743024,,,,,,,; 4,Parent Liaison,800743029,,,,,,,",True,silence.wav,silence.wav,0,False
011, Baker El,011-umaa-04-main_spanish_night,0.0,800116010.0,silence.wav,011-UMAA-02-Spanish_Main_16bit_mono.wav,"2,Attendance,800113021,,,,,,,; 3,Pre School,800112503,,,,,,,; 4,Enrollment,800113022,,,,,,,; 5,Counselor,800113027,,,,,,,; 6,Secretary,800113023,,,,,,,; 7,Front Office,800116010,,,,,,,",True,silence.wav,0,0,False
316, Montgomery Jr,316-umaa-03-admin_english,0.0,803163501.0,316-Montgomery-Hold-English.wav,316-Montgomery-Admin-English.wav,"1,Transfer to 3002,803163002,,,,,,,; 2,Transfer to 3011,803163011,,,,,,,; 3,Transfer to 3001,803163011,,,,,,,",True,316-Montgomery-Hold-English.wav,316-Montgomery-Admin-English.wav,0,False
315, Memorial Mdl,315-umaa-02-main_spanish,0.0,803153023.0,silence.wav,315-UMAA-02-Spanish_Main_16bit_mono_2.wav,"2,Attendance,803153021,,,,,,,; 3,Enrollment,803153020,,,,,,,",True,silence.wav,silence.wav,"-,Closed Auto Attendant,,315-UMAA-04-Main_Spanish_Night,,,,,,",False
165, Knox El,165-umaa-02-main_spanish,0.0,801653020.0,silence.wav,165-UMAA-01-Spanish_Main11152018.wav,"2,Attendance,801653022,,,,,,,; 3,Enrollment,801653020,,,,,,,; 4,Nurse Desk,801653051,,,,,,,; 5,Prime Time,801653066,,,,,,,; 6,Operator,801653020,,,,,,,",True,silence.wav,silence.wav,"-,Closed Auto Attendant,,165-UMAA-04-Main_Spanish_Night,,,,,,",False
338, Hoover HS,338-umaa-01-main_english,803383000.0,803383000.0,silence.wav,338-UMAA-01.1-Main_English.wav,"1,General Msg,803386015,,,,,,,; 2,Spanish,,338-UMAA-02-Main_Spanish,,,,,,; 3,Attendance,,338-UMAA-05-Attendance_English,,,,,,",,silence.wav,silence.wav,"-,Night,,338-UMAA-03-Main_English_Night,,,,,,",True
315, Memorial Mdl,315-umaa-04-main_spanish_night,0.0,803153023.0,silence.wav,315-UMAA-02-Spanish_Main_16bit_mono_2.wav,"2,Attendance,803153021,,,,,,,; 3,Enrollment,803153020,,,,,,,",True,silence.wav,silence.wav,0,False
329, Wilson Mdl,329-umaa-04-main_spanish_night,0.0,803293023.0,silence.wav,329-UMAA-02-Spanish_Main_16bit_mono.wav,"2,Attendance,803293023,,,,,,,; 3,Student Records,803293022,,,,,,,; 4,Nurse,803293051,,,,,,,; 5,Parent Coordinator,803293023,,,,,,,",True,silence.wav,0,0,False
157, Johnson El,157-umaa-02-main_spanish,0.0,801573021.0,silence.wav,157-UMAA-02-Spanish_Main_16bit_mono.wav,"2,Attendance,801573021,,,,,,,; 3,Nurse,801573051,,,,,,,; 4,Counseling,801573071,,,,,,,; 5,StatePreschool,801572202,,,,,,,; 6,Primetime,801572011,,,,,,,; 7,Principal-secretary,801573020,,,,,,,",,silence.wav,silence.wav,"-,Closed Auto Attendant,,157-UMAA-04-Main_Spanish_Night,,,,,,",True
195, Marshall El,195-umaa-04-main_spanish_night,0.0,801953021.0,silence.wav,195-UMAA-02-Spanish_Main_16bit_mono.wav,"1,Spanish,,195-UMAA-04-Main_Spanish_Night,,,,,,; 2,Attendance,801953021,,,,,,,; 3,Nurse,801953050,,,,,,,; 4,Pre School,801952401,,,,,,,; 5,Cafeteria,801953060,,,,,,,; 6,Front Office,801953021,,,,,,,; -,General VM,801956010,,,,,,,",True,silence.wav,silence.wav,0,False
322, Clark Mdl,322-umaa-02-main_spaniish_4digit,0.0,3028.0,silence.wav,322-UMAA-Main-Spanish101117.wav,"2,Attendance,3028,,,,,,,; 3,Counseling,2200,,,,,,,; 4,Nurse,3050,,,,,,,; 5,Library,3070,,,,,,,; 6,Parent Center,2205,,,,,,,",True,silence.wav,0,0,False
283, Valencia Park El,283-umaa-02-main_spanish,0.0,802837002.0,silence2.wav,283-UMAA-01-Main-Spanish-2021.wav,"1,family support services,802837004,,,,,,,; 2,Attendance,802833015,,,,,,,; 3,Nurse?s office,802833050,,,,,,,; 4,Enrollment-Records,802833020,,,,,,,; 5,Operator,802837002,,,,,,,; 8,Administration,802833011,,,,,,,",True,silence2.wav,283-ValPark-Main Menu-Spanish.wav,0,False
065, Clay El,065-umaa-04-main_spanish_night,0.0,800653020.0,silence.wav,065-UMAA-02-Spanish_Main_16bit_mono.wav,"2,Attendance,800653020,,,,,,,; 3,Nurse,800653051,,,,,,,; 4,Counselor,800653023,,,,,,,; 5,Cafeteria,800653060,,,,,,,",True,silence.wav,silence.wav,0,False
316, Montgomery Jr,316-umaa-05-admin_spanish,0.0,803163501.0,316-Montgomery-Hold-Spanish.wav,316-Montgomery-Main Menu-Spanish.wav,"1,Transfer to 3002,803163002,,,,,,,; 2,Transfer to 3011,803163011,,,,,,,; 3,Transfer to 3001,803163011,,,,,,,",True,316-Montgomery-Hold-Spanish.wav,316-Montgomery-Main Menu-Spanish.wav,0,False
135, Hamilton El,135-umaa-04-main_spanish_night,0.0,0.0,silence.wav,135-UMAA-02-Spanish_Main_16bit_mono_announcements.wav,"2,Attendance,801353022,,,,,,,; 3,Nurse,801353051,,,,,,,; 4,State PreSchool,801353035,,,,,,,; 5,Primetime,801353057,,,,,,,; 6,Announcements,801353010,,,,,,,",True,silence.wav,silence.wav,0,False
060, Chavez El,060-umaa-04-main_spanish_night,0.0,800603020.0,silence.wav,060-UMAA-02-_Spanish_16bit_mono_noCDC.wav,"2,Attendance,800603021,,,,,,,; 3,Nurse,800603050,,,,,,,; 4,Counselor,800603055,,,,,,,; 5,State PreSchool,800602201,,,,,,,; 6,School Assistant,800603022,,,,,,,; 7,Prime Time,800603075,,,,,,,; 8,CDC,800602201,,,,,,,; 9,Kitchen,800603060,,,,,,,",True,silence.wav,0,0,False
185, Perkins El,185-umaa-04-main_spanish_night,0.0,801856010.0,silence.wav,185-UMAA-02-Spanish_Main_16bit_mono.wav,"1,Spanish,,185-UMAA-04-Main_Spanish_Night,,,,,,; 2,Attendance,801853020,,,,,,,; -,Operator,801856010,,,,,,,",True,silence.wav,silence.wav,0,False
093, Encanto El,093-umaa-02-main_spanish,0.0,800933021.0,silence.wav,093-UMMA-MAIN-DAY-SPANISH-08142018.wav,"2,Attendance,800933023,,,,,,,; 3,StatePreSchool,800932167,,,,,,,; 4,Health Office,800933050,,,,,,,; 5,School Clerk,800933021,,,,,,,; 6,Secretary,800933022,,,,,,,",True,silence.wav,0,0,False
289, Webster El,289-umaa-02-main_spanish,0.0,802893020.0,silence.wav,289-UMAA-02-Spanish_Main_16bit_mono.wav,"2,Attendance,802893020,,,,,,,; 3,Preschool,802892025,,,,,,,",,silence.wav,silence.wav,"-,Closed Auto Attendant,,289-UMAA-04-Main_Spanish_Night,,,,,,",True
074,,074-umaa-02-main_spanish,0.0,800746010.0,silence.wav,074-UMAA-01-Spanish_Main_16bit_mono.wav,"3,Attendance,800743024,,,,,,,; 4,Parent Liaison,800743029,,,,,,,",,silence.wav,silence.wav,"-,Closed Auto Attendant,,074-UMAA-04-Main_Spanish_Night,,,,,,",True
003, Adams El,003-umaa-02-main_spanish,0.0,6001.0,silence2.wav,003-UMAA-01-Main-Spanish-2022.wav,"1,Spanish,3011,,,,,,,; 2,Attendance and Enrollment,3020,,,,,,,; 3,Secretary,3011,,,,,,,; 4,Nurse,3050,,,,,,,; 9,School Information,,,003-UMAA-09-School-Information-Spanish-2022.wav,,,,,; -,Operator,6001,,,,,,,",True,silence2.wav,0,0,False
003, Adams El,003-umaa-04-main_spanish_night,0.0,3020.0,silence.wav,003-UMAA-02-AdamsES-Spanish_11-01-13.wav,"2,Attendance,3020,,,,,,,; 3,The Health Office,3050,,,,,,,; 4,The Preschool,2037,,,,,,,; 5,The Cafeteria,3060,,,,,,,; 6,Primetime,3039,,,,,,,; 7,Special Education Resources,2011,,,,,,,; 8,Announcements,3009,,,,,,,",True,0,0,0,False
124, Garfield El,124-umaa-04-main_spanish_night,0.0,801246001.0,silence.wav,124-UMAA-01-Main_Spanish_11-20-15.wav,"2,Primetime,3075,,,,,,,; 3,CDC,4000,,,,,,,; 4,Nurse,3050,,,,,,,; 5,Kitchen,3060,,,,,,,; 6,Preschool,2020,,,,,,,; 7,Custodian,3065,,,,,,,; 8,Announcements,3009,,,,,,,",True,0,0,0,False
124, Garfield El,124-umaa-02-main_spanish,0.0,6001.0,silence.wav,124-UMAA-01-Main_Spanish_11-20-15.wav,"2,Primetime,3075,,,,,,,",True,0,0,0,False
334, Crawford HS,334-umaa-02-main_spanish,0.0,6001.0,silence.wav,334-UMAA-01-Maint-Spanish-2023.wav,"2,Attendance,3990,,,,,,,; 3,Counseling,,344-UMAA-03-Counselors-Spanish,,,,,,; 4,Regristrar,3033,,,,,,,; 5,Nurse,3051,,,,,,,; 6,Finance,3029,,,,,,,; 7,Custodial office,3065,,,,,,,; 8,administration staff,3023,,,,,,,",,silence.wav,silence.wav,"-,Closed Auto Attendant,,334-UMAA-04-Main_Spanish_Night,,,,,,",True
334, Crawford HS,334-umaa-04-main_spanish_night,0.0,6001.0,silence.wav,334-UMAA-01-Main-Night-Spanish-2023.wav,"2,Attendance,3990,,,,,,,; 3,Counseling,,344-UMAA-03-Counselors-Spanish,,,,,,; 4,Regristrar,3033,,,,,,,; 5,Nurse,3051,,,,,,,; 6,Finance,3029,,,,,,,; 7,Custodial office,3065,,,,,,,; 8,administration staff,3023,,,,,,,",True,silence.wav,silence.wav,0,False
063, Chollas El,063-umaa-04-main_spanish_night,0.0,3020.0,silence.wav,063-UMAA-4-Spanish_16bit_mono.wav,"2,Attendance,3022,,,,,,,; 3,Nurse,3050,,,,,,,; 4,All other calls,3020,,,,,,,",True,silence.wav,silence.wav,0,False
161, Juarez El,161-umaa-02-main_spanish,0.0,3020.0,silence.wav,161-UMAA-02-JuarezES-Spanish.wav,"2,Attendance,3021,,,,,,,",True,silence.wav,silence.wav,0,False
161, Juarez El,161-umaa-04-main_spanish_night,0.0,3020.0,silence.wav,161_main_spanish-day-nigth.wav,"2,Attendance,3021,,,,,,,",True,silence.wav,silence.wav,0,False
171, Lee El,171-umaa-02-main_spanish,0.0,3021.0,silence.wav,171-UMAA-01-Main_Spanish.wav,"2,Attendance,3020,,,,,,,; 3,Counselor,3055,,,,,,,; 4,Nurse,3050,,,,,,,; 5,Administration,3001,,,,,,,; 6,costodian,3065,,,,,,,",True,silence.wav,silence.wav,0,False
171, Lee El,171-umaa-04-main_spanish_night,0.0,3021.0,silence.wav,171_night_spanish.wav,"2,Main Office,3020,,,,,,,; 3,Counselor,3055,,,,,,,; 4,Nurse,3050,,,,,,,; 5,Administration,3001,,,,,,,; 6,Costodian,3065,,,,,,,",True,silence.wav,silence.wav,0,False
235, Penn El,235-umaa-02-main_spanish,0.0,3021.0,silence.wav,Penn Elementary Main Greeting Spanish 2023.wav,"2,Attendance,3021,,,,,,,; 3,Enrollment,3022,,,,,,,; 4,Nurse,3020,,,,,,,; 5,Administration,3020,,,,,,,; 6,Announcement,6010,,,,,,,",True,silence.wav,silence.wav,0,False
235, Penn El,235-umaa-04-main_spanish_night,0.0,3021.0,silence.wav,235_nigth_spanish.wav,"2,Attendance,3021,,,,,,,; 3,Enrollment,3022,,,,,,,; 4,Nurse,3050,,,,,,,; 5,Administration,3020,,,,,,,; 6,Announcement,6010,,,,,,,",True,silence.wav,silence.wav,0,False
085, Dewey El,085-umaa-02-main_spanish,0.0,3020.0,silence.wav,085-UMAA-01-Main-Spanish-2021.wav,"2,Attendance,3020,,,,,,,; 3,Health Office,3050,,,,,,,; 4,Cafeteria,3060,,,,,,,; 5,Secretary,3021,,,,,,,",True,silence.wav,silence.wav,0,False
085, Dewey El,085-umaa-04-main_spanish_night,0.0,3020.0,silence.wav,085-UMAA-02-DeweyES-Spanish.wav,"2,Attendance,3020,,,,,,,",True,silence.wav,silence.wav,0,False
295, Whitman El,295-umaa-04-main_spanish_night,0.0,3020.0,silence.wav,295-UMAA-02-WhitmanES-Spanish.wav,"2,Attendance,3021,,,,,,,",True,silence.wav,silence.wav,0,False
350, Mission Bay HS,350-umaa-02-main_spanish,0.0,3020.0,silence.wav,350-UMAA-01-Main-Spanish-2021.wav,"2,Attendance,3032,,,,,,,; 3,Enrollment,3035,,,,,,,; 4,Registrar,3022,,,,,,,; 5,Health,3050,,,,,,,; 6,Cafeteria,3061,,,,,,,; -,Operator,3020,,,,,,,",True,silence.wav,silence.wav,0,False
346, Madison HS,346-umaa-04-main_spanish_night,0.0,3020.0,silence.wav,346-UMAA-02-JamesMadisonHS-Spanish.wav,"2,Attendance,3028,,,,,,,",True,silence.wav,silence.wav,0,False
167, Lafayette El,167-umaa-02-main_spanish,0.0,3020.0,silence.wav,167_Spanish_Day_001.wav,"2,Attendance,3020,,,,,,,; 3,Admin,3021,,,,,,,",True,silence.wav,silence.wav,0,False
167, Lafayette El,167-umaa-04-main_spanish_night,0.0,3020.0,silence.wav,167-UMAA-02-LafayetteES-Spanish.wav,"2,Attendance,3020,,,,,,,",True,silence.wav,silence.wav,0,False
285, Walker El,285-umaa-04-main_spanish_night,0.0,3022.0,silence.wav,285-Spanish_night_02.wav,"2,Attendance,3020,,,,,,,; 3,record,3022,,,,,,,; 4,counselor,3059,,,,,,,; 5,nurse,3050,,,,,,,; 6,admin,3020,,,,,,,; 7,supply,3065,,,,,,,",True,silence.wav,silence.wav,0,False
063, Chollas El,063-umaa-05-main_spanish-ses,0.0,0.0,silence.wav,063-UMAA-05-Main_Spanish-SES.SA.wav,"1,2850,2850,,,,,,,; 3,2852,2852,,,,,,,; 4,2850-2,2850,,,,,,,; 5,Announcement,6010,,,,,,,",True,silence.wav,silence.wav,0,False
125, Zamorano El,125-umaa-01-main_english,801253000.0,801253010.0,silence.wav,125-UMAA-01-MAin-English061818.wav,"1,Spanish,,125-UMAA-01-Main_Spanish,,,,,,; 4,Attendance,801253055,,,,,,,; 5,Nurse,801253050,,,,,,,; 6,Administration,801253011,,,,,,,; 7,Repeat,,125-UMAA-01-Main_English,,,,,,",True,silence.wav,125-UMAA-01-Main_English.wav,0,False
302, Bell Jr,302-umaa-04-main_english,0.0,803023005.0,Silence_1-Second-0001.wav,302-UMAA-Dept-English-01_1-20-15.wav,"1,Counseling,,302-UMAA-05-Main_English,,,,,,; 2,Finance,803022600,,,,,,,; 3,Library,803022114,,,,,,,; 4,Administration,,302-UMAA-06-Main_English,,,,,,; 5,Student Records,803023019,,,,,,,; 6,Replay,,302-UMAA-04-Main_English,,,,,,",True,Silence_1-Second-0001.wav,302-UMAA-Dept-English-01_1-20-15.wav,0,False
302, Bell Jr,302-umaa-06-main_english,0.0,803023005.0,Silence_1-Second-0001.wav,302-UMAA-Admin_1-20-15.wav,"1,Prinicipal,803023017,,,,,,,; 2,6th Grade VP,,302-UMAA-08-Main_English,,,,,,; 3,7th Grade VP,803023002,,,,,,,; 4,8th Grade VP,803023003,,,,,,,; 5,Admin Office,803023006,,,,,,,",True,Silence_1-Second-0001.wav,0,0,False
302, Bell Jr,302-umaa-05-main_english,0.0,803023005.0,Silence_1-Second-0001.wav,302-UMAA-6th7th8th_01-20-15.wav,"1,6th Grade,,302-UMAA-07-Main_English,,,,,,; 2,7th Grade,803023013,,,,,,,; 3,8th Grade,803023014,,,,,,,",True,Silence_1-Second-0001.wav,0,0,False
326, Taft Mdl,326-umaa-01-main_english,803263000.0,803262650.0,Silence_1-Second-0001.wav,326-Taft-Main-01.wav,"4,Attendance,803263016,,,,,,,; 5,Nurse,803263050,,,,,,,; 6,Admin Office Menu,,326-UMAA-02-Main_English,,,,,,; 7,Hours & Address,,,326-Taft-Main-03.wav,,,,,; 8,Repeat Menu,,326-UMAA-01-Main_English,,,,,,; -,No Selection/Timeout,803262650,,,,,,,",True,Silence_1-Second-0001.wav,326-Taft-Main-01.wav,0,False
326, Taft Mdl,326-umaa-02-main_english,0.0,0.0,Silence_1-Second-0001.wav,326-Taft-Main-02.wav,"1,Registrar,803263071,,,,,,,; 2,Finance,803263016,,,,,,,; 3,Counseling,803262505,,,,,,,; 4,Vice Principal,803263002,,,,,,,; 5,Principals Assist,803263051,,,,,,,; 6,Library,803263062,,,,,,,; 7,Cafeteria,803262802,,,,,,,; 9,Repeat,,326-UMAA-02-Main_English,,,,,,",True,Silence_1-Second-0001.wav,326-Taft-Main-02.wav,0,False
302, Bell Jr,302-umaa-07-main_english,0.0,0.0,Silence_1-Second-0001.wav,302-UMAA-A-L_M-Z_1-20-15.wav,"1,A to L,803023013,,,,,,,; 2,M to Z,803023014,,,,,,,",True,Silence_1-Second-0001.wav,0,0,False
302, Bell Jr,302-umaa-08-main_english,0.0,0.0,Silence_1-Second-0001.wav,302-UMAA-A-L_M-Z_1-20-15.wav,"1,A to L,803023002,,,,,,,; 2,M to Z,803023003,,,,,,,",True,Silence_1-Second-0001.wav,0,0,False
992, Ed Center/Wan,992-umaa-annex12-spanish,0.0,0.0,silence.wav,992_Annex12_Spanish.wav,"9,Spanish Mailbox,,,,,2fdc6939-c070-451f-a4b7-ff3806df8dd0,,,",True,silence.wav,0,0,False
338, Hoover HS,338-umaa-03-main_english_night,0.0,803383000.0,silence.wav,338-UMAA-01.1-Main_Enlgish_Night.wav,"1,General Msg,803386015,,,,,,,; 2,Spanish Night,,338-UMAA-04-Main_Spanish_Night,,,,,,; 3,Attendance Msg,803383011,,,,,,,",True,silence.wav,silence.wav,0,False
338, Hoover HS,338-umaa-04-main_spanish_night,0.0,803383000.0,silence.wav,338-UMAA-02.1-Main_Spanish_Night.wav,"1,General Msg,803386015,,,,,,,; 2,English Night,,338-UMAA-03-Main_English_Night,,,,,,; 3,Attendance Msg,803383011,,,,,,,",True,silence.wav,silence.wav,0,False
338, Hoover HS,338-umaa-05-attendance_english,0.0,803386015.0,silence.wav,338-UMAA-03.1-Attend_English.wav,"2,Spanish Attend,,338-UMAA-06-Attendance_Spanish,,,,,,; 4,Attend Msg,803383011,,,,,,,; 5,Cont to hold,803383012,,,,,,,",,silence.wav,silence.wav,"-,Attendance English Night,,338-UMAA-07-Attendance_English_Night,,,,,,",True
338, Hoover HS,338-umaa-06-attendance_spanish,0.0,803383000.0,silence.wav,338-UMAA-04.1-Attend_Spanish.wav,"2,English Attendance,,338-UMAA-05-Attendance_English,,,,,,; 4,Attendance Msg,803383011,,,,,,,; 5,Cont to hold,803383012,,,,,,,",,silence.wav,silence.wav,"-,Attendance Spanish Night,,338-UMAA-08-Attendance_Spanish_Night,,,,,,",True
338, Hoover HS,338-umaa-07-attendance_english_night,0.0,803383000.0,silence.wav,338-UMAA-03.1-Attend_English_Night.wav,"2,Spanish Attend Night,,338-UMAA-08-Attendance_Spanish_Night,,,,,,; 4,Attendance Msg,803383011,,,,,,,",True,silence.wav,silence.wav,0,False
338, Hoover HS,338-umaa-08-attendance_spanish_night,0.0,803383000.0,silence.wav,338-UMAA-04.1-Attend_Spanish_Night.wav,"2,English Attendance Night,,338-UMAA-07-Attendance_English_Night,,,,,,; 4,Attendance Msg,803383011,,,,,,,",True,silence.wav,silence.wav,0,False
302, Bell Jr,302-umaa-offices,0.0,0.0,silence.wav,302_Offices_English3.wav,"1,Repeat,,302-UMAA-Offices,,,,,,; 2,Counseling,,302-UMAA-Coun,,,,,,; 3,Vice Prin,,302-UMAA-Vice Prin,,,,,,; 4,Site Tech,803023011,,,,,,,; 5,Finance,803022600,,,,,,,; 6,Library,803022114,,,,,,,; 7,Cafe,803022906,,,,,,,; 8,Custodial,803022300,,,,,,,; 9,Prime Time,803023055,,,,,,,",True,silence.wav,0,0,False
302, Bell Jr,302-umaa-coun,0.0,803023006.0,silence.wav,302 BELL 2024 Counselor menu.wav,"1,6th,803023014,,,,,,,; 2,7th,803023013,,,,,,,; 3,8th,803022202,,,,,,,",True,silence.wav,0,0,False
302, Bell Jr,302-umaa-viceprin-spanish,0.0,0.0,silence.wav,302_VicePrin_Spanish.wav,"1,VP - Lewis,803023002,,,,,,,; 2,VP - Samen,803023003,,,,,,,",True,silence.wav,0,0,False
302, Bell Jr,302-umaa-offices-spanish,0.0,0.0,silence.wav,302_Offices_Spanish.wav,"1,Repeat,,302-UMAA-Offices-Spanish,,,,,,; 2,Counseling,,302-UMAA-Coun-Spanish,,,,,,; 3,VP's,,302-UMAA-VicePrin-Spanish,,,,,,; 4,Site Tech,803023011,,,,,,,; 5,Finance,803022600,,,,,,,; 6,Library,803022114,,,,,,,; 7,Cafe,803022906,,,,,,,; 8,Custodial,803022300,,,,,,,; 9,PrimeTime,803023055,,,,,,,",True,silence.wav,0,0,False
302, Bell Jr,302-umaa-coun-spanish,0.0,0.0,silence.wav,302_Coun_Spanish.wav,"1,Thomas,803023014,,,,,,,; 2,Garcia,803023013,,,,,,,; 3,Cousin,803023015,,,,,,,",True,silence.wav,0,0,False
073, Crown Point El,073-umaa-02-main_spanish,0.0,3020.0,silence.wav,0,"2,Attendance,3020,,,,,,,",True,0,0,0,False
073, Crown Point El,073-umaa-04-main_spanish_night,0.0,3020.0,silence.wav,0,"2,Attendance,3020,,,,,,,",True,0,0,0,False
291, Wegeforth El,291-umaa-02-main_spanish,0.0,3021.0,silence.wav,291-UMAA-MainSpanishDay-01.wav,"2,Attendance,3021,,,,,,,; 3,Admin,3020,,,,,,,; 4,nurse,3050,,,,,,,; 5,Library,3070,,,,,,,",,silence.wav,silence.wav,"-,closed,,291-UMAA-04-Main_Spanish_Night,,,,,,",True
291, Wegeforth El,291-umaa-04-main_spanish_night,0.0,6008.0,silence.wav,291_Spanish_night_02.wav,"2,Attendance,3021,,,,,,,; 3,admin,3020,,,,,,,; 4,nurse,3050,,,,,,,",True,0,0,0,False
041, Cabrillo El,041-umaa-04-main_spanish_night,0.0,3021.0,silence.wav,041_Spinash_night_02.wav,"2,Attendance,3020,,,,,,,; 3,nurse,3050,,,,,,,; 4,Cafeteria,3060,,,,,,,; 5,admin,3020,,,,,,,; 6,supply,3065,,,,,,,",True,silence.wav,silence.wav,0,False
039, Burbank El,039-umaa-01-main_english,4500.0,3502.0,silence.wav,039-UMAA-01-Main-English-Spanish-2024.wav,"2,Attendance & Registration,3019,,,,,,,; 3,Health Office,3050,,,,,,,; 4,Counselling,2226,,,,,,,; 5,Cafe,2302,,,,,,,; 6,School Cordinator,3060,,,,,,,; 7,Secretary,3011,,,,,,,; 9,Repeat Menu,,039-UMAA-01-Main_English,,,,,,",True,silence.wav,silence.wav,0,False
215, Normal Heights El,215-umaa-02-main_spanish,0.0,3501.0,silence.wav,215-UMAA-01-Main-Spanish-2022.wav,"1,Attendance,3020,,,,,,,; 2,School Information,,,215-UMAA-02-School-Information-Spanish-2022.wav,,,,,; 3,Speech therapist,2505,,,,,,,; 4,Principals,3011,,,,,,,; 5,Nurses,3050,,,,,,,; 6,Counselors,3055,,,,,,,; 7,Prime time,2614,,,,,,,; 8,Cafeteria,2609,,,,,,,",True,silence.wav,silence.wav,0,False
039, Burbank El,039-umaa-02-main_spanish,0.0,3011.0,silence.wav,0,"2,Attendance & Registration,3019,,,,,,,; 3,Health Office,3050,,,,,,,; 4,Counseling,2226,,,,,,,; 5,Cafe,2302,,,,,,,; 6,School Cordinator,3060,,,,,,,; 7,Secretary,3011,,,,,,,; -,Repeat Menu,,039-UMAA-02-Main_Spanish,,,,,,",True,silence.wav,silence.wav,0,False
150, Ibarra El,150-umaa-02-main_spanish,0.0,3011.0,silence.wav,UMAA-Spanish.wav,"2,Atteendance,3011,,,,,,,",True,silence.wav,silence.wav,0,False
153, Iftin Charter,153-umaa-02-main_spanish,0.0,3011.0,silence.wav,153-FayES-Spainsh.wav,"5,absence,3016,,,,,,,; 6,enrollment,3017,,,,,,,; 7,nurses,3050,,,,,,,; 8,counseling,3061,,,,,,,; 9,Secretary,3011,,,,,,,",True,silence.wav,silence.wav,0,False
130, Florence Joyner El,130-umaa-mainspanish,0.0,3012.0,silence.wav,130-UAAM-Main_Spanish.wav,"5,attendance,3014,,,,,,,; 6,PrimeTime,2101,,,,,,,; 7,enrollment,3012,,,,,,,; 8,counseling,2703,,,,,,,; 9,nursing,3050,,,,,,,",True,silence.wav,silence.wav,0,False
149, Horton El,149-umaa-02-main_spanish,0.0,3020.0,silence.wav,149-UMAA-01-Main-Spanish-2022.wav,"2,Attendance,3021,,,,,,,; 3,Enrollment & Records,3020,,,,,,,; 4,Health Office,3051,,,,,,,; 5,Secretary,3011,,,,,,,; 6,School Information,,,149-UMAA-School Spanish-2022.wav,,,,,; -,Operator,3020,,,,,,,",True,silence.wav,silence.wav,0,False
344, Lincoln HS,344-umaa-02-administration_spanish,0.0,0.0,silence.wav,344-UMAA-02-Administration-Spanish-2022.wav,"1,Vice Principal 1,3005,,,,,,,; 2,Vice Principal 2,3006,,,,,,,; 3,Vice Principal 3,2609,,,,,,,; 4,Principal 1,3001,,,,,,,; 5,Principal 2,3301,,,,,,,; 6,Administrative Assistant 1,3010,,,,,,,; 7,Administrative Aide 1,2131,,,,,,,; 8,Administrative Assistant 3,2121,,,,,,,; 9,Administrative Aide 2,2134,,,,,,,",True,silence.wav,0,0,False
344, Lincoln HS,344-umaa-02-counseling_spanish,0.0,0.0,silence.wav,344-UMAA-05-Counseling-Spanish-2022.wav,"1,Counselor 1,2628,,,,,,,; 2,Counselor 2,3602,,,,,,,; 3,Counselor 3,2624,,,,,,,; 4,Counselor 4,2627,,,,,,,; 5,Counselor 5,2625,,,,,,,",True,silence.wav,silence.wav,0,False
344, Lincoln HS,344-umaa-02-nurse_spanish,0.0,0.0,silence.wav,344-UMAA-04-Nurse-Spanish-2019.wav,"1,school Nurse,3050,,,,,,,; 2,Health assistance,2137,,,,,,,; 3,San Ysidro Clinic,3052,,,,,,,",True,silence.wav,0,0,False
344, Lincoln HS,344-umaa-02-attendance_spanish,0.0,0.0,silence.wav,344-UMAA-02-Attendance-Spanish-2022.wav,"1,name A-F,3013,,,,,,,; 2,name G-M,3012,,,,,,,",True,silence.wav,silence.wav,0,False
344, Lincoln HS,344-umaa-01-main_english,6500.0,7002.0,silence.wav,344-UMAA-01-Main-English-2024.wav,"1,Spanish,2155,,,,,,,; 2,Attendance,7000,,,,,,,; 3,Records,2104,,,,,,,; 4,Nurse,2137,,,,,,,; 5,School Hours,,,344-UMAA-05-School-Information-2024.wav,,,,,; -,Operator,7002,,,,,,,",True,silence.wav,silence.wav,0,False
344, Lincoln HS,344-umaa-02-records_spanish,0.0,0.0,silence.wav,344-UMAA-03-Record-Spanish-2019.wav,"1,Register,2104,,,,,,,",True,silence.wav,silence.wav,0,False
344, Lincoln HS,344-umaa-02-departments_spanish,0.0,3012.0,silence.wav,344-UMAA-08-Departments-Spanish-2022.wav,"1,Cafeteria,1403,,,,,,,; 2,Plant Opreation,1411,,,,,,,; 3,IMIN after school,2672,,,,,,,; 4,Athletic Director,3402,,,,,,,; 5,School Site Tech,2134,,,,,,,; 6,Financial Clerck,2127,,,,,,,",True,silence.wav,silence.wav,0,False
141, Hawthorne El,141-umaa-02-main_spanish,0.0,3021.0,silence.wav,141-Main-spainsh-night.wav,"2,Attendance,3021,,,,,,,; 3,Nurse,3050,,,,,,,; 4,Administration,3020,,,,,,,",True,silence.wav,silence.wav,0,False
141, Hawthorne El,141-umaa-04-main_spanish_night,0.0,3021.0,silence.wav,141-Main-spainsh-day.wav,"2,Record,3021,,,,,,,; 3,Nurse,3050,,,,,,,; 4,Admin,3020,,,,,,,",True,silence.wav,silence.wav,0,False
125, Zamorano El,125-umaa-01-main_spanish,0.0,801253010.0,silence.wav,125-UMAA-01-Main_Spanish061818.wav,"1,SpanishSpeaker,801253011,,,,,,,; 4,Attendance,801253055,,,,,,,; 5,Nurse,801253055,,,,,,,; 6,AdminOffice,801253071,,,,,,,; 7,Repeat Message,,125-UMAA-01-Main_Spanish,,,,,,",True,silence.wav,0,0,False
128, Golden Hills El,128-umaa-01-main-02-spanish,0.0,3502.0,silence.wav,128-UMAA-01-Main-Spanish-2021 (2).wav,"1,Health,3050,,,,,,,; 2,Main Office,3502,,,,,,,",True,silence.wav,silence.wav,0,False
346, Madison HS,346-umaa-04-main_spanish,0.0,6001.0,silence.wav,346-UMAA-01-Main-Spanish-2023.wav,"2,Attendance,3039,,,,,,,; 4,Tansportation & Counseling,3038,,,,,,,; 5,Regristrar,3022,,,,,,,; 6,Health Office,3050,,,,,,,; 7,Financial,3049,,,,,,,; 8,Administration,3010,,,,,,,; -,Front Office,6001,,,,,,,",True,silence.wav,silence.wav,0,False
365, Kieller Mdl,365-umaa-01-main_english,803652100.0,803653502.0,365-UMAA-01Main_English.1.wav,365-UMAA-01Main_English.1.wav,"1,Spanish,,365-UMAA-01-Main_Spanish,,,,,,; 2,Attendance,803653012,,,,,,,; 3,Enrollment-Records,803653017,,,,,,,; 4,Health Office,803653013,,,,,,,; 5,HR Finances,803653014,,,,,,,; 6,Extended Day Program,803653026,,,,,,,; 8,Repeat Menu,,365-UMAA-01-Main_English,,,,,,; 9,School Information,,,365-UMAA-02-Schoolhours_ English.wav,,,,,; -,Repeat,,365-UMAA-01-Main_English,,,,,,",True,365-UMAA-01Main_English.1.wav,365-UMAA-01Main_English.1.wav,0,False
365, Kieller Mdl,365-umaa-01-main_spanish,0.0,803653012.0,365-UMAA-01Main_Spanish.1.wav,365-UMAA-01Main_Spanish.1.wav,"2,Attendance,803653012,,,,,,,; 3,Enrollment & Records,803653017,,,,,,,; 4,Health Office,803653013,,,,,,,; 5,HR Finance,803653014,,,,,,,; 6,Extended Day Program,803653026,,,,,,,; 8,Repeat Menu,,365-UMAA-01-Main_Spanish,,,,,,; 9,School Information,,,365-UMAA-02-Schoolhours_ Spanish.wav,,,,,; -,Repeat,,365-UMAA-01-Main_Spanish,,,,,,",True,365-UMAA-01Main_Spanish.1.wav,365-UMAA-01Main_Spanish.1.wav,0,False
340, Kearny HS,340-umaa-01-main_spanish,0.0,0.0,0,UMAA-Spanish.wav,"2,Attendance,3021,,,,,,,",False,0,0,0,False
356, San Diego High,356-umaa-01-main_spainsh,0.0,7002.0,silence.wav,356-UMAA-02-Main-Spanish-2024.wav,"2,Attendance,7001,,,,,,,; 3,Counseling,3028,,,,,,,; 4,Health Office,7005,,,,,,,; 5,Regristrar,3024,,,,,,,; 6,Finance,3023,,,,,,,; 7,Athletic Director,3341,,,,,,,; 8,ASB,2952,,,,,,,; 9,Senior,3106,,,,,,,; -,Operator,7002,,,,,,,",True,silence.wav,0,0,False
324, Roosevelt Jr,324-umaa-01-main_spainsh_night,0.0,3022.0,silence.wav,916198180040 (30 seconds) Voice Mail-04.wav,"-,School Close,3022,,,,,,,",True,silence.wav,0,0,False
230, Rosa Parks El,230-umaa-01-main_spainsh,0.0,3020.0,silence.wav,230-UMAA-01-Main-Spanish-2021.wav,"2,attendance,3021,,,,,,,; 3,enrollment,3022,,,,,,,; 4,nurse,3051,,,,,,,; 5,Parent,3031,,,,,,,; 6,PricipalAssit,3023,,,,,,,; 7,SocialWork,3044,,,,,,,; 8,Cafee,3060,,,,,,,; 9,Preschool,2694,,,,,,,; -,Operator,3020,,,,,,,",True,silence.wav,0,0,False
317, Muirlands Mdl,317-umaa-01-main_spanish,0.0,3021.0,silence.wav,317-UMAA-01-Main-Spanish-2020.wav,"2,Attendance,3022,,,,,,,; 3,records,3021,,,,,,,; 4,Health,3050,,,,,,,; 5,Financial,3037,,,,,,,; 6,Site,3025,,,,,,,; 7,admin,3020,,,,,,,; 8,Counselors,,317-UMAA-02-Counselors-Spanish-2020,,,,,,; 9,Cafeteria,3060,,,,,,,",True,silence.wav,0,0,False
304, Correia Jr,304-umaa-01-main_spanish,0.0,3020.0,silence.wav,CorreiaMain Spanish.wav,"1,Attendant,3023,,,,,,,; 3,Nurse,,304-Nurse Spanish,,,,,,; 4,Counselors,,304-Counselor Spanish,,,,,,; 5,Finance,3014,,,,,,,; 6,Library,3070,,,,,,,; 7,Cafee,3060,,,,,,,; 8,Vice-Prin,3012,,,,,,,; 9,PrinAdmin,3021,,,,,,,; -,Operator,3020,,,,,,,",True,silence.wav,0,0,False
332, Clairemont HS,332-umaa-01-main_spanish,0.0,6003.0,silence.wav,332-UMAA-01-Main-Spanish-Main-2021.wav,"2,Attendance,3020,,,,,,,; 3,Front Office,3020,,,,,,,; 4,Health,3050,,,,,,,; 5,Counselors,,332-Counl_Spanish,,,,,,; 6,Enrollment,,332-UMAA-06-Enrollment-Spanish,,,,,,; 7,Tech SupportFinance and Registrar,,332-UMAA-07-TechSuport-Finance-Registrar-Spanish,,,,,,; 8,Administrative Aide,,332-UMAA-08-Admistrative-Aide-Spanish,,,,,,; 9,Administrators,,332-VP_Spanish,,,,,,",True,silence.wav,0,0,False
313, Marston Mdl,313-umaa-01-main_spanish,0.0,3021.0,silence.wav,313-UMAA-01-Main-Spanish-2021.wav,"2,Attendance,3021,,,,,,,; 3,Counselor,3023,,,,,,,; 4,Nurse,3050,,,,,,,; 5,Enrollment,3020,,,,,,,; 6,PowerschoolPress,3062,,,,,,,; 7,Administrator,3024,,,,,,,",True,silence.wav,0,0,False
311, Lewis Mdl,311-umaa-01-main_spanish,0.0,6003.0,silence.wav,LewisDayMainSpanish.wav,"4,Attendance,3020,,,,,,,; 5,Financial,3025,,,,,,,; 6,Health,3050,,,,,,,; 7,Counselors,,311-Counselor Spanish,,,,,,; 8,Vice Principal,3024,,,,,,,; 9,Principal,3021,,,,,,,; -,Operator,6003,,,,,,,",,silence.wav,LewisNightMainSpanish.wav,"4,Attendance,3020,,,,,,,; 5,Financial,3025,,,,,,,; 6,Health,3050,,,,,,,; 7,Counselors,,311-Counselor Spanish,,,,,,; 8,Vice-Prn,3024,,,,,,,; 9,Principal,3021,,,,,,,; -,Operator,3023,,,,,,,",True
320, Pacific Beach Mdl,320-umaa-01-main_spanish,0.0,3024.0,silence.wav,Pb-MS-Main-Spanish-9-25.wav,"2,Attendant,3024,,,,,,,; 3,Counselors,,320-Counselors-Spanish,,,,,,; 4,Health,3050,,,,,,,; 5,Financial,3026,,,,,,,; 6,Student,3038,,,,,,,; 7,Administration,3020,,,,,,,; -,Operator,3024,,,,,,,",True,silence.wav,0,0,False
359, Scripps Ranch HS,359-umaa-02-main_english,0.0,0.0,Blank.wav,AA Attendance_2ed level.wav,"1,Option1,803593023,,,,,,,; 2,Option2,803593024,,,,,,,",True,0,0,0,False
359, Scripps Ranch HS,359-umaa-01-main_spanish,0.0,0.0,Blank.wav,SP_Scripps Ranch High School_AA Main Menu.wav,0,False,0,0,0,False
359, Scripps Ranch HS,359-umaa-03-main_english,0.0,0.0,Blank.wav,AA Counselor_2ed level.wav,"1,Option1,803593062,,,,,,,; 2,Option2,803593056,,,,,,,; 3,Option3,803593058,,,,,,,; 4,Option4,803593059,,,,,,,; 5,Option5,803593053,,,,,,,; 6,Option6,803593054,,,,,,,",True,0,0,0,False
359, Scripps Ranch HS,359-umaa-04-main_english,0.0,0.0,Blank.wav,359-UMAA-04-Administration-OL-English_2020.wav,"1,Option1,803593022,,,,,,,; 2,Option2,803593021,,,,,,,; 3,Option3,803593021,,,,,,,; 4,Option4,803593011,,,,,,,",True,0,0,0,False
359, Scripps Ranch HS,359-umaa-05-main_english,0.0,0.0,0,0,0,False,0,0,0,False
111, Foster El,111-umaa-02-main_english,0.0,0.0,0,0,0,False,0,0,0,False
355, UC High School,355-umaa-01-main_spanish,0.0,7002.0,silence.wav,355-UMAA-01-Main-Spanish-2025.wav,"2,Attendance,3991,,,,,,,; 3,Front Office,,355-UMAA-03-Front-Office-Spanish,,,,,,; 4,Counselors,,355-Counselors-Spanish,,,,,,; 5,Health,3050,,,,,,,; 6,Registrar,3025,,,,,,,; 7,Finance,3024,,,,,,,; 8,VP-Prin,,355-VP-Spanish,,,,,,; 9,Principal,3001,,,,,,,; -,Operator,7002,,,,,,,",True,silence.wav,0,0,False
253, Sequoia El,253-umaa-01-main_spanish,0.0,802536003.0,silence.wav,253-UMAA-01-Main-Spanish-2023.wav,"2,Attendance,3020,,,,,,,; 3,SchoolClerk,3022,,,,,,,; 4,Nurse,3050,,,,,,,; 5,Counselor,3051,,,,,,,; 6,Principal,3020,,,,,,,; 8,PrimeTime,2014,,,,,,,; 9,CafeManager,3060,,,,,,,; -,Operator,6003,,,,,,,",True,silence.wav,0,0,False
342, La Jolla HS,342-umaa-01-main_spanish,0.0,3021.0,silence.wav,342-UMAA-01-Main-English-2022.wav,"2,Attendance,3022,,,,,,,; 3,Departments,,342 Departments Sub Menu Spanish,,,,,,; 4,Admin,,342 Admin Sub Menu Spanish,,,,,,; -,Operator,3021,,,,,,,",True,silence.wav,0,0,False
328, Wangenhiem Mdl,328-umaa-01-sub_tree_english,0.0,0.0,Silent.wav,Wangenheim Main Greeting Counseling 24-25.wav,"1,Ms. Doan,3012,,,,,,,; 2,Mrs. Lampron,3055,,,,,,,; 3,Ms. Paige,3056,,,,,,,",True,Silent.wav,0,0,False
329, Wilson Mdl,329-umaa-05-counselor-english,0.0,6001.0,silence.wav,329-UMAA-05-Counselor-English-Spanish-2024-25.wav,"1,Counselor 1,3119,,,,,,,; 2,Counselor 2,3120,,,,,,,; 3,Counselor 3,3118,,,,,,,",True,silence.wav,silence.wav,0,False
329, Wilson Mdl,329-umaa-05-counselor-spanish,0.0,0.0,silence.wav,329-UMAA-02-Counselor-Spanish-2020.wav,"1,Counselor 1,2170,,,,,,,; 2,Counselor 2,2256,,,,,,,; 3,Counselor 3,2117,,,,,,,; 4,Counselor 4,2165,,,,,,,; 5,Counselor 5,2351,,,,,,,",True,silence.wav,silence.wav,0,False
503, BECA,503-umaa-01-main_spanish,0.0,3020.0,silence.wav,Auto Attendant Spanish.wav,"1,PricipalSecretary,3020,,,,,,,; 2,Attendance,3021,,,,,,,; 3,Enrollment,3020,,,,,,,; 4,Counselor,3055,,,,,,,; 5,ResourceSpecialist,2201,,,,,,,; -,Operator,3020,,,,,,,",True,silence.wav,0,0,False
263, Spreckels El,263-umaa-01-main_spanish,0.0,802636003.0,silence.wav,263-UMAA-01-Main-Spanish-2021.wav,"2,Attendance,3020,,,,,,,; 3,Enrollment,3021,,,,,,,; 4,Secretary,3022,,,,,,,; 5,Nurse,3050,,,,,,,; -,Operator,802636003,,,,,,,",True,silence.wav,0,0,False
105, Fletcher El,105-umaa-01-main_spanish,0.0,7000.0,silence.wav,105-UMAA-01-Main-Spinsh-2022.wav,"1,Attendance,3020,,,,,,,; 2,Health Office,3050,,,,,,,; 3,ESA-Sec,3021,,,,,,,; -,Operator,7000,,,,,,,",True,silence.wav,0,0,False
808, Revere Center,808-umaa-02-main_english,0.0,0.0,silence2.wav,808Submenu1.wav,"1,VP,808083002,,,,,,,; 2,Principal,808083001,,,,,,,",True,0,0,0,False
317, Muirlands Mdl,317-umaa-02-counselors-english-2020,0.0,0.0,silence.wav,317-UMAA-02-Counselor-English-2020.wav,"1,Counselor 1,3028,,,,,,,; 2,Counselor 2,3027,,,,,,,",True,silence.wav,0,0,False
317, Muirlands Mdl,317-umaa-02-counselors-spanish-2020,0.0,0.0,silence.wav,317-UMAA-02-Counselor-Spanish-2020.wav,"1,Counselor 1,3028,,,,,,,; 2,Counselor 2,3027,,,,,,,",True,silence.wav,0,0,False
170, Language Academy,170-umaa-02-main_english,0.0,0.0,silence2.wav,170-UMAA-02-SPecial-ED-English-2021.wav,"1,Room 1,801703044,,,,,,,; 2,Room 2,801703046,,,,,,,; 3,Room 3,801703074,,,,,,,",True,silence2.wav,0,0,False
090, EB Scripps,090-umaa-02-main-english,0.0,3013.0,Scripps Ranch High School AA Enter Extension2.wav,Blank.wav,0,False,0,0,0,False
179, Loma Portal El,179-umaa-main_port-01,0.0,801793502.0,179PortGreeting.wav,179PortMenu.wav,"1,Attendance,,,,,6e3f0b58-6b31-4642-bade-49cb25645c50,,,; 2,Enrollment and Records,801793012,,,,,,,; 3,Admin,801793012,,,,,,,; 4,Health,801793051,,,,,,,; 5,Counseling,801793531,,,,,,,; 6,Custodian,801793035,,,,,,,; 7,Cafe,801793060,,,,,,,; 8,Library,801793070,,,,,,,; 9,Info,,,179PortInfo.wav,,,,,",True,0,0,0,False
210, Miramar Ranch El,210-umaa-02-main_english,0.0,0.0,Silence_1-Second-0001.wav,Health.wav,"1,Nurse,802103050,,,,,,,; 2,Health Tech,802103052,,,,,,,",True,0,0,0,False
352, Morse HS,352-umaa-03-main_spanish,0.0,0.0,Silence_1-Second-0001.wav,Morse Spanish VPs.wav,"1,VP 1,803523002,,,,,,,; 2,VP 2,803523003,,,,,,,",True,0,0,0,False
332, Clairemont HS,332-umaa-08-admistrative-aide-spanish,0.0,3020.0,silence2.wav,332-UMAA-08-AdminAide-Spanish-2021.wav,"1,Heidi Fulton,3024,,,,,,,; 2,Gina Turner,3022,,,,,,,",True,silence2.wav,0,0,False
332, Clairemont HS,332-umaa-08-admistrative-english,0.0,0.0,silence2.wav,332-UMAA-08-AdminAide-English-2021.wav,"1,Heidi Fulton,3024,,,,,,,; 2,Gina Turner,3022,,,,,,,",True,silence2.wav,0,0,False
352, Morse HS,352-umaa-02-main_spanish,0.0,0.0,Silence_1-Second-0001.wav,Morse Spanish Counselers.wav,"1,Counselor 1,803523039,,,,,,,; 2,Counselor 2,803523031,,,,,,,; 3,Counselor 3,803523036,,,,,,,; 4,Counselor 4,803523035,,,,,,,; 5,Counselor 5,803523037,,,,,,,; 6,Counselor 6,803523032,,,,,,,; 7,Counselor 7,803523033,,,,,,,",True,0,0,0,False
352, Morse HS,352-umaa-01-main_spanish,0.0,803523501.0,Spanish - Main Message.wav,Morse Spanish Options.wav,"2,Attendance,803523013,,,,,,,; 3,Nurse,803523050,,,,,,,; 4,Records and Enrollment,803522401,,,,,,,; 5,Counseling,,352-UMAA-02-Main_Spanish,,,,,,; 6,VPs,,352-UMAA-03-Main_Spanish,,,,,,; 7,Principal Assistant,803523012,,,,,,,; 8,Finance,803523015,,,,,,,; 9,IMIN,803522804,,,,,,,",True,0,0,0,False
343,,343-umaa-01-main_spanish,0.0,803433501.0,silence2.wav,343-UMAA-01-Main-Spanish-2023.wav,"4,Attendance,803433012,,,,,,,; 5,Nurse,803433050,,,,,,,; 6,Counseling,803433037,,,,,,,",True,silence2.wav,0,0,False
313, Marston Mdl,313-umaa-summer-spanish-2021,0.0,803136003.0,silence2.wav,313-UMAA-02-Summer-Spanish-2022.wav,"7,Summer,,,,,,,1,",True,silence2.wav,0,0,False
349, Mira Mesa HS,349-umaa-01-health_english,0.0,0.0,Silence_1-Second-0001.wav,349-MMHS-SubMenu2.wav,"1,Health Technician,803493051,,,,,,,; 2,Nurse,803493050,,,,,,,",True,0,0,0,False
349, Mira Mesa HS,349-umaa-01-counseling_english,0.0,0.0,Silence_1-Second-0001.wav,349-MMHS-SubMenu3.wav,"1,Counseling Clerk,803493039,,,,,,,; 2,Registrar,803493016,,,,,,,; 3,Site Tech,803493043,,,,,,,; 4,Counselor A-C,803493036,,,,,,,; 5,Counselor D--Hut,803493032,,,,,,,; 6,Counselor Huy-M,803493034,,,,,,,; 7,Counselor N-Rom,803493035,,,,,,,; 8,Counselor Ron-Wh,803493033,,,,,,,; 9,Counselor Wi-Z,803493030,,,,,,,",True,0,0,0,False
349, Mira Mesa HS,349-umaa-01-principal_english,0.0,0.0,Silence_1-Second-0001.wav,349-MMHS-SubMenu4 2.16.23.wav,"1,VP A-G,803493002,,,,,,,; 2,VP H-P,803493003,,,,,,,; 3,VP Q-Z,803493004,,,,,,,",True,0,0,0,False
349, Mira Mesa HS,349-umaa-01-attendance_english,0.0,0.0,Silence_1-Second-0001.wav,349-MMHS-SubMenu1.wav,"1,Absence,,,,,e5ff3fbf-6174-4ee6-90a7-cf959a35e0c7,,,; 2,Attendance A-L,803493013,,,,,,,; 3,Attendance M-Z,803493012,,,,,,,",True,0,0,0,False
354, Point Loma HS,354-umaa-02-attendance-english,0.0,0.0,silence2.wav,354-UMAA-02-Attendance-English-2021.wav,"1,Attendant,7000,,,,,,,",True,silence2.wav,0,0,False
332, Clairemont HS,332-umaa-07-techsuport-finance-registrar-english,0.0,0.0,silence2.wav,332-UMAA-07-Tech-Regristar-English-2021.wav,"1,Tech Support,3025,,,,,,,; 2,Finacial Clerk,3026,,,,,,,; 3,Regristar,2201,,,,,,,",True,silence2.wav,0,0,False
332, Clairemont HS,332-umaa-07-techsuport-finance-registrar-spanish,0.0,3020.0,silence2.wav,332-UMAA-07-Tech-Regristar-Spanish-2021.wav,"1,Tech Support,3025,,,,,,,; 2,Finacial Clerk,3026,,,,,,,; 3,Registrar,2201,,,,,,,",True,0,0,0,False
332, Clairemont HS,332-umaa-06-enrollment-english,0.0,0.0,silence2.wav,332-UMAA-06-Enrollment-English-2021.wav,"1,Enrollment Students A-E,2201,,,,,,,; 2,Enrollment Students F-L,3024,,,,,,,; 3,Enrollment Students M-Q,3020,,,,,,,; 4,Enrollment Students R-Z,3025,,,,,,,",True,silence2.wav,0,0,False
332, Clairemont HS,332-umaa-06-enrollment-spanish,0.0,3020.0,silence2.wav,332-UMAA-06-Enrollment-Spanish-2021.wav,"1,Enrollment Students A-E,2201,,,,,,,; 2,Enrollment Students F-L,3024,,,,,,,; 3,Enrollment Students M-Q,3020,,,,,,,; 4,Enrollment Students R-Z,3025,,,,,,,",True,silence2.wav,0,0,False
279, Torrey Pines El,279-umaa-01-main_english,3000.0,6003.0,silence.wav,279-UMAA-01-Main-English-2024.wav,"1,Clerk,3022,,,,,,,; 2,Attendance,3021,,,,,,,; 3,Health Office,3050,,,,,,,; 4,BSS,3065,,,,,,,; 5,Secretary,3020,,,,,,,; 6,School Information,,,279-UMAA-06-School-Information-English.wav,,,,,; -,Main,,279-UMAA-01-Main_English,,,,,,",True,silence.wav,0,0,False
327, DePortola Mdl,327-umaa-02-main_spanish,0.0,3013.0,Silence_1-Second-0001.wav,Spanish2.wav,"1,Network Tech,2305,,,,,,,; 2,Library2,2233,,,,,,,; 3,Finance,3006,,,,,,,; 4,VP,3002,,,,,,,; 5,Principal Assistant,3011,,,,,,,; 6,Cafeteria,2807,,,,,,,; 7,Site Supervisor,2812,,,,,,,",True,0,0,0,False
263, Spreckels El,263-umaa-temp-spanish-spring-break-2021,0.0,0.0,silence2.wav,263-UMAA-01-Winter-Spanish-2021.wav,"2,Attendance,3020,,,,,,,; 3,Enrollment,3021,,,,,,,; 5,Nurse,3050,,,,,,,; 6,VP,3030,,,,,,,; -,Operator,802636003,,,,,,,",True,silence2.wav,0,0,False
352, Morse HS,352-umaa-02-main_english,0.0,803523501.0,silence2.wav,352-UMAA-07-Councelors-English-2025.wav,"1,Counseler 1,803523039,,,,,,,; 2,Counseler 2,803523031,,,,,,,; 3,Counseler 3,803523036,,,,,,,; 4,Counseler 4,803523035,,,,,,,; 5,Counseler 5,803523037,,,,,,,; 6,Counseler 6,803523032,,,,,,,; 7,Counselor,803523033,,,,,,,",True,silence2.wav,0,0,False
352, Morse HS,352-umaa-04-main_english,0.0,803523501.0,silence2.wav,352-UMAA-04-Attendace-English-2023.wav,"1,1,803523013,,,,,,,; 2,2,803523014,,,,,,,",True,silence2.wav,0,0,False
352, Morse HS,352-umaa-06-records-finance-english,0.0,803523501.0,silence2.wav,352-UMAA-06-Records-English-2021.wav,"1,Records,803522401,,,,,,,; 2,Finance,803523015,,,,,,,",True,silence2.wav,0,0,False
352, Morse HS,352-umaa-08-administration-english,0.0,0.0,silence2.wav,352-UMAA-08-Administration-English-2021.wav,"1,Administrative Assistant,803523012,,,,,,,; 2,Vice Principal 1,803523002,,,,,,,; 3,Vice Principal 2,803523003,,,,,,,",True,silence2.wav,0,0,False
352, Morse HS,352-umaa-09-imin-liason-english,0.0,803523501.0,silence2.wav,352-UMAA-09-Parent-Liason-English-2021.wav,"1,IMIN-After-School,803522802,,,,,,,; 2,Parent-Liason,803522801,,,,,,,",True,silence2.wav,0,0,False
355, UC High School,355-umaa-03-front-office-english,0.0,0.0,silence2.wav,355-UMAA-03-Front-Office-English-2021.wav,"1,Absence,3990,,,,,,,; 2,Front Office,7002,,,,,,,",True,silence2.wav,0,0,False
355, UC High School,355-umaa-03-front-office-spanish,0.0,0.0,silence2.wav,355-UMAA-03-Front-Offcie-Spanish-2021.wav,"1,Absence,3990,,,,,,,; 2,Front Office,7002,,,,,,,",True,silence2.wav,0,0,False
368, SCPA,368-umaa-04-counselig-english,0.0,803683011.0,silence2.wav,368-UMAA-05-Counseling-English-2023.wav,"1,Counselor 1,803683031,,,,,,,; 2,Counselor 2,803683032,,,,,,,; 3,Counselor 3,803683033,,,,,,,; 4,Counselor 4,803683034,,,,,,,; 5,Regristrar,803683030,,,,,,,",True,silence2.wav,0,0,False
368, SCPA,368-umaa-05-enrollment-english,0.0,803683011.0,silence2.wav,368-UMAA-08-Classified-English-2023.wav,"1,Receptionist,803683011,,,,,,,; 2,Attendance,8033683013,,,,,,,; 3,Financial,803683015,,,,,,,; 4,Site Tech,803683014,,,,,,,; 5,Transportation,803683018,,,,,,,; 6,Records,803683030,,,,,,,; 7,Enrollment,803683046,,,,,,,; 8,Admin Assistant,803683012,,,,,,,",True,silence2.wav,0,0,False
368, SCPA,368-umaa-07-admin-english,0.0,0.0,silence2.wav,368-UMAA-06-Admin-English-2023.wav,"1,Principal's Assistant,803683012,,,,,,,; 2,VP,803683003,,,,,,,; 3,VP3,803683049,,,,,,,; 4,Intructional Cordinator Arts,803683019,,,,,,,; 5,Intructional Cordinator Academics,803683016,,,,,,,; 6,MSAP,803683020,,,,,,,; 7,VAPA,8033684901,,,,,,,; 8,Admin Assistant,803683012,,,,,,,",True,silence2.wav,0,0,False
328, Wangenhiem Mdl,328-umaa-01-health_sub_tree_english,0.0,0.0,Silent.wav,Wangenheim Main Greeting Health 24-25.wav,"1,Marcia Ferrell,3050,,,,,,,; 2,Ms. Shama Health Tech,3051,,,,,,,",True,Silent.wav,0,0,False
177, Logan El,177-umaa-lmec-main_english,0.0,801776103.0,silence.wav,Secondary School Office (option 2).wav,"1,Enrollment,801773003,,,,,,,; 2,Attendant,801774025,,,,,,,; 3,Nurse,801774150,,,,,,,; -,Operator,801776103,,,,,,,",True,silence.wav,0,0,False
177, Logan El,177-umaa-lmec-main_spanish,0.0,801776103.0,silence.wav,Spanish - Secondary School Office.wav,"1,Enrollment,801773003,,,,,,,; 2,Attendant,801774025,,,,,,,; 3,Nurse,801774150,,,,,,,; -,Operator,801776103,,,,,,,",True,silence.wav,0,0,False
177, Logan El,177-umaa-02-main_english,0.0,0.0,silence.wav,177-UMAA-LMEC-02-Main-English-2023.wav,"1,Front Desk,801774025,,,,,,,; 2,Attendance,801774024,,,,,,,; 3,Enrollment,801774025,,,,,,,; 4,Health Office,801774150,,,,,,,",True,silence.wav,0,0,False
177, Logan El,177-umaa-03-logan_english,0.0,0.0,silence.wav,177-UMAA-03-Logan-Main-English-2023.wav,"1,Front Desk,801773003,,,,,,,; 2,Attendance,801773003,,,,,,,; 3,Health Office,801773051,,,,,,,",True,silence.wav,0,0,False
177, Logan El,177-umaa-03-logan_spanish,0.0,0.0,silence.wav,177-UMAA-03-Logan-Main-Spanish-2023.wav,"1,Front Desk,801773003,,,,,,,; 2,Attendance,801773003,,,,,,,; 3,Health Office,801773051,,,,,,,",True,silence.wav,0,0,False
466,,466-umaa-03-cs,804663502.0,804663020.0,silence2.wav,466-UMAA-03-CS-English-2024.wav,"1,Administrative Aide,804663020,,,,,,,; 2,CORT,804663019,,,,,,,; -,Timeout Replay,,466-UMAA-03-CS,,,,,,",True,silence2.wav,0,0,False
087, Doyle El,087-umaa-02-break-english,0.0,3021.0,silence2.wav,087-Doyle ES Summer Greeting 2024.wav,"-,Main,,087-UMAA-02-Break-English,,,,,,",True,silence2.wav,0,0,False
344, Lincoln HS,344-umaa-03-counselors-english,0.0,6001.0,silence2.wav,344-UMAA-03-Counselor-English-2023.wav,"1,Counselor 1,3057,,,,,,,; 2,Counselor 2,3058,,,,,,,; 3,Counselor 3,3059,,,,,,,; 4,Counselor 4,3055,,,,,,,; 5,Counselor 5,3077,,,,,,,",True,silence2.wav,0,0,False
344, Lincoln HS,344-umaa-03-counselors-spanish,0.0,6001.0,silence2.wav,344-UMAA-03-Counselors-Spanish-2023.wav,"1,Counselor 1,3057,,,,,,,; 2,Counselor 2,3058,,,,,,,; 3,Counselor 3,3059,,,,,,,; 4,Counselor 4,3055,,,,,,,; 5,Counselor 5,3077,,,,,,,",True,silence2.wav,0,0,False
650, Transportation,650-umaa-01-main_english,3000.0,4000.0,silence.wav,650-UMMA-Transportation-main-greeting-english 052523.wav,"1,Press1,4000,,,,,,,; 4,Press4,,Sub-Tree-Press4,,,,,,; 5,Press5,3002,,,,,,,; 6,Press6,3002,,,,,,,; 8,Press8,3030,,,,,,,; 9,Main Greeting repeat,,650-UMAA-01-Main_English,,,,,,",True,silence.wav,0,0,False
650, Transportation,650-umaa-01_main,7000.0,8000.0,silence.wav,650-UMAA-01-Main-English-2023.wav,"1,Main Line Hunt Group,8000,,,,,,,; 2,Safety,3030,,,,,,,; 4,Transfer to Sub Menu,,Sub-Tree-Press4,,,,,,; 5,Administration,3002,,,,,,,; 6,Parent Pay,3002,,,,,,,; 9,Main Greeting Repeat,,650-UMAA-01-Main_English,,,,,,; -,Main,,650-UMAA-01_Main,,,,,,",,silence.wav,0,"-,Voicemail,6003,,,,,,,",True
355, UC High School,355-umaa-summer-spanish,0.0,3022.0,silence2.wav,355-UMAA-EarlySummer-Spanish-2023.wav,"2,Attendance,3022,,,,,,,; 3,Front Office,3020,,,,,,,; 4,Counseling,,355-UMAA-04-Counselor-Summer-English,,,,,,; 5,Health Office,3050,,,,,,,; 6,Regristrar,3025,,,,,,,; 7,Financial,3024,,,,,,,; 8,Vice Principals,,355-VP-Spanish,,,,,,; 9,Principal,3020,,,,,,,",True,silence2.wav,0,0,False
355, UC High School,355-umaa-04-counselor-summer-english,0.0,3021.0,silence2.wav,355-UMAA-04-Counselor-Summer-English-2023.wav,"1,Counselor 1,3055,,,,,,,; 2,Counselor 2,3026,,,,,,,; 3,Counselor 3,3058,,,,,,,; 4,Counselor 4,3056,,,,,,,; 5,Counselor 5,3057,,,,,,,; -,Operator,3021,,,,,,,",True,silence2.wav,0,0,False
170, Language Academy,170-umaa-06-counseling-english,0.0,801703501.0,silence2.wav,170-UMAA-06-Counseling-English-2023.wav,"1,Counselor 1,801703072,,,,,,,; 2,Counselor 2,801703075,,,,,,,",True,silence2.wav,0,0,False
066, Civita El,066-umaa-02-summer_break,0.0,0.0,silence.wav,066_UMAA-Summer_Break.wav,"-,Timeout,,066-UMAA-02-Summer_Break,,,,,,",True,silence.wav,0,0,False
243, Rolando Park El,243-umaa-01_summer_greeting,802434000.0,0.0,silence.wav,243_UMAA-Summer_Break.wav,"-,Timeout,,243-UMAA-01_Summer_Greeting,,,,,,",True,silence.wav,0,0,False
009, Audubon El,009-umaa-03-summer-english,0.0,0.0,silence2.wav,009-UMAA-Summer-English-2024.wav,"-,Main Menu,,009-UMAA-03-Summer-English,,,,,,",True,silence2.wav,0,0,False
289, Webster El,289-umaa-04-summer-english,0.0,0.0,silence2.wav,289-UMAA-04-Summer-English-2024.wav,"-,Main,,289-UMAA-04-Summer-English,,,,,,",True,silence2.wav,0,0,False
992, Ed Center/Wan,992-umaa-annex10-english,809926701.0,0.0,992-UMAA-Annex10-Main.wav,silence2.wav,"1,Main English,,,992-UMAA-Annex10-English (2).wav,,,,,; 2,Main Spanish,,,992-UMAA-Annex10-Spanish.wav,,,,,",,,,,
